0,0,0,0,0,0,0,0,0,0,0,0,0,0,0,0,0,0,0,0,0
0,0,0,0,0,0,0,0,0,0,0,0,0,0,0,0,0,0,0,0,0
0,0,0,0,0,0,0,0,0,0,0,0,0,0,0,0,0,0,0,0,0
0,0,0,0,0,0,0,0,0,0,0,0,0,0,0,0,0,0,0,0,0
0,0,0,0,0,0,0,0,0,0,0,0,0,0,0,0,0,0,0,0,0
0,0,0,0,0,0,0,0,0,0,0,0,0,0,0,0,0,0,0,0,0
0,0,0,0,0,0,0,0,0,0,0,0,0,0,0,0,0,0,0,0,0
0,0,0,0,0,0,0,0,0,0,0,0,0,0,0,0,0,0,0,0.01258125,0.04861875
0,0,0,0,0,0,0,0,0,0,0,0,0,0,0,0.03845625,0.03129375,0.8,1,1,1
0,0,0,0,0,0,0,0,0,0,0,0,0.10653125,0.3751375,0.9,1,1,1,1,1,1
0,0,0,0,0,0,0,0.00863125,0.07155625,0.03505,0.2474125,0.9413625,1,1,1,1,1,1,1,1,1
0,0,0,0,0,0.014325,0.03116875,0.15754375,0.3246375,0.90329375,1,1,1,1,1,1,1,1,1,1,1
0,0,0,0.02049375,0.0570625,0.16683125,0.317575,0.93233125,1,1,1,1,1,1,1,1,1,1,1,1,1
0,0.01971875,0.06,0.2181875,0.24968125,0.63723125,1,1,1,1,1,1,1,1,1,1,1,1,1,1,1
0,0.1155625,0.26619375,0.31581875,0.54563125,1,1,1,1,1,1,1,1,1,1,1,1,1,1,1,1
0.1661375,0.313,0.4022,0.50855,1,1,1,1,1,1,1,1,1,1,1,1,1,1,1,1,1
0.297025,0.39771875,0.500675,0.9863625,1,1,1,1,1,1,1,1,1,1,1,1,1,1,1,1,1
0.3768375,0.53239375,0.8219875,1,1,1,1,1,1,1,1,1,1,1,1,1,1,1,1,1,1
0.5291,0.722125,1,1,1,1,1,1,1,1,1,1,1,1,1,1,1,1,1,1,1
0.63419375,0.93093125,1,1,1,1,1,1,1,1,1,1,1,1,1,1,1,1,1,1,1
0.71799375,1,1,1,1,1,1,1,1,1,1,1,1,1,1,1,1,1,1,1,1
