0,85.61
1,74.43
2,67.84
3,65.57
4,60.48
5,57.74
6,55.31
7,52.6
8,51.51
9,50.6
10,49.94
11,47.92
12,47.71
13,47.38
14,45.69
15,44.77
16,43.57
17,41.99
18,43.29
19,43.44
20,41.52
21,41.52
22,40.69
23,41.84
24,39.12
25,39.58
26,38.17
27,38.5
28,40.13
29,37.76
30,37.89
31,37.67
32,38.84
33,37.01
34,37.06
35,36.89
36,36.98
37,36.61
38,35.57
39,37.14
40,36.63
41,36.07
42,36.61
43,35.63
44,35.55
45,34.54
46,35.52
47,33.87
48,36.06
49,34.4
50,33.81
51,35.25
52,35.9
53,35.51
54,34.61
55,34.03
56,33.99
57,34.84
58,33.28
59,34.03
60,33.96
61,34.06
62,33.41
63,34.14
64,33.29
65,34.36
66,33.77
67,34.64
68,31.97
69,33.04
70,32.82
71,32.9
72,33.09
73,33.58
74,32.35
75,32.15
76,32.8
77,33.57
78,34.4
79,32.22
80,32.96
81,32.69
82,32.56
83,34.04
84,31.22
85,32.58
86,32.57
87,32.13
88,32.56
89,32.16
90,31.93
91,31.58
92,32.69
93,32.66
94,32.65
95,32.64
96,32.9
97,31.64
98,32.55
99,31.8
100,31.57
101,33.62
102,32.84
103,33.0
104,33.34
105,32.61
106,32.48
107,33.19
108,32.68
109,33.58
110,32.49
111,32.21
112,33.16
113,32.65
114,33.73
115,32.74
116,32.94
117,32.07
118,32.76
119,32.52
120,33.18
121,32.44
122,34.03
123,33.53
124,32.55
125,33.69
126,31.45
127,31.82
128,32.72
129,31.82
130,31.33
131,31.96
132,32.12
133,33.73
134,32.44
135,33.02
136,32.04
137,33.72
138,32.55
139,32.71
140,31.95
141,32.02
142,31.67
143,32.85
144,31.45
145,32.08
146,32.21
147,33.25
148,31.91
149,31.41
150,32.81
151,33.07
152,31.96
153,33.14
154,31.05
155,31.81
156,33.56
157,32.29
158,30.42
159,32.86
160,32.92
161,33.44
162,33.25
163,32.44
164,32.62
165,31.78
166,32.36
167,33.54
168,31.16
169,32.6
170,34.12
171,33.57
172,34.46
173,33.54
174,32.73
175,32.15
176,34.15
177,32.79
178,33.22
179,32.87
180,34.34
181,31.96
182,33.41
183,32.91
184,33.88
185,33.73
186,33.38
187,32.61
188,31.77
189,34.54
190,33.26
191,32.26
192,33.21
193,33.92
194,33.56
195,33.27
196,34.9
197,34.59
198,32.75
199,34.09
200,31.31
201,34.34
202,32.45
203,33.67
204,31.72
205,33.81
206,34.34
207,34.14
208,33.93
209,32.41
210,34.34
211,33.25
212,33.78
213,35.08
214,34.28
215,32.87
216,35.54
217,33.26
218,33.91
219,32.69
220,34.02
221,34.79
222,34.7
223,34.83
224,35.02
225,34.5
226,34.31
227,33.21
228,33.69
229,34.82
230,34.25
231,34.03
232,33.88
233,35.42
234,34.26
235,35.64
236,36.29
237,34.7
238,34.65
239,33.72
240,34.54
241,34.77
242,33.36
243,35.24
244,36.1
245,34.09
246,34.25
247,34.61
248,36.09
249,34.87
250,33.28
251,34.21
252,34.47
253,33.77
254,34.26
255,33.53
256,33.12
257,33.38
258,34.34
259,33.93
260,33.86
261,34.14
262,33.89
263,33.51
264,33.42
265,33.57
266,35.92
267,34.9
268,33.45
269,35.63
270,35.09
271,33.7
272,34.89
273,34.87
274,35.07
275,35.46
276,35.99
277,33.5
278,34.26
279,34.95
280,34.91
281,35.82
282,35.2
283,34.28
284,34.39
285,36.7
286,34.67
287,36.04
288,34.35
289,34.89
290,35.38
291,35.38
292,35.66
293,35.52
294,34.51
295,34.3
296,34.69
297,34.37
298,35.49
299,34.58
300,35.22
301,35.71
302,34.2
303,35.93
304,34.82
305,35.19
306,35.4
307,34.71
308,35.14
309,36.58
310,36.34
311,36.08
312,34.61
313,37.15
314,35.05
315,34.24
316,36.07
317,34.7
318,36.2
319,36.12
320,35.27
321,35.31
322,35.19
323,34.82
324,35.45
325,35.19
326,35.9
327,35.37
328,34.65
329,35.44
330,36.14
331,35.87
332,36.35
333,34.74
334,37.4
335,35.84
336,37.26
337,34.84
338,36.72
339,36.98
340,36.52
341,37.53
342,35.73
343,35.69
344,37.06
345,37.76
346,37.06
347,35.27
348,36.72
349,37.62
350,35.66
351,36.04
352,37.79
353,35.42
354,36.95
355,37.79
356,36.46
357,38.1
358,35.47
359,37.47
360,36.73
361,38.85
362,38.08
363,37.65
364,35.57
365,37.03
366,37.49
367,37.64
368,36.83
369,37.79
370,36.18
371,37.54
372,37.49
373,36.14
374,38.64
375,37.42
376,37.64
377,36.42
378,37.77
379,36.91
380,35.18
381,37.17
382,36.03
383,36.49
384,37.78
385,35.66
386,35.07
387,36.73
388,36.48
389,36.33
390,36.51
391,34.08
392,37.73
393,37.63
394,37.94
395,36.3
396,39.22
397,37.69
398,35.53
399,35.8
400,39.16
401,35.75
402,36.76
403,36.35
404,38.42
405,37.1
406,38.23
407,35.98
408,37.1
409,36.24
410,37.49
411,36.45
412,37.82
413,36.54
414,37.69
415,35.69
416,36.98
417,37.37
418,35.79
419,37.17
420,36.9
421,36.46
422,38.57
423,36.54
424,39.4
425,37.21
426,37.53
427,36.99
428,35.86
429,38.08
430,36.9
431,38.01
432,37.09
433,36.58
434,36.35
435,37.22
436,37.53
437,36.92
438,36.64
439,36.21
440,36.84
441,37.19
442,38.16
443,37.51
444,37.64
445,38.01
446,37.72
447,38.42
448,36.51
449,39.12
450,38.09
451,38.5
452,38.66
453,36.86
454,36.76
455,38.77
456,35.54
457,37.04
458,36.08
459,39.52
460,37.22
461,37.14
462,37.58
463,39.55
464,36.84
465,37.81
466,38.36
467,38.09
468,38.43
469,37.92
470,37.84
471,37.25
472,36.43
473,37.81
474,36.32
475,37.88
476,36.87
477,38.36
478,38.33
479,37.63
480,37.63
481,38.12
482,35.26
483,36.94
484,37.23
485,38.57
486,38.38
487,38.79
488,37.35
489,37.4
490,37.75
491,36.29
492,37.51
493,36.49
494,37.55
495,37.22
496,39.95
497,37.71
498,37.9
499,36.37
500,36.97
501,39.46
502,37.04
503,38.33
504,37.78
505,37.93
506,38.45
507,36.95
508,37.95
509,39.01
510,37.5
511,37.69
512,37.36
513,38.43
514,38.36
515,37.61
516,37.44
517,36.97
518,37.0
519,37.81
520,37.42
521,37.65
522,38.8
523,39.49
524,36.88
525,36.82
526,38.12
527,37.87
528,39.48
529,37.43
530,38.32
531,38.7
532,38.09
533,38.86
534,39.06
535,36.13
536,37.28
537,38.63
538,38.14
539,38.55
540,38.94
541,38.48
542,38.33
543,38.25
544,37.83
545,37.32
546,40.68
547,36.37
548,38.19
549,38.3
550,39.04
551,37.32
552,38.12
553,37.03
554,39.0
555,36.03
556,38.97
557,37.86
558,37.67
559,38.27
560,37.11
561,38.03
562,39.47
563,37.56
564,37.96
565,37.87
566,37.97
567,37.52
568,39.44
569,39.08
570,38.49
571,38.4
572,36.52
573,37.88
574,38.86
575,38.07
576,38.56
577,37.98
578,37.59
579,40.51
580,38.51
581,37.13
582,38.76
583,38.17
584,38.37
585,38.31
586,39.97
587,38.44
588,39.44
589,37.77
590,38.16
591,38.9
592,39.1
593,38.95
594,38.71
595,40.07
596,37.81
597,38.17
598,38.88
599,36.82
600,38.78
601,38.2
602,38.11
603,37.6
604,38.91
605,37.13
606,38.57
607,37.46
608,38.28
609,37.88
610,37.57
611,38.25
612,37.86
613,39.38
614,39.57
615,38.71
616,39.03
617,39.3
618,38.37
619,39.68
620,38.04
621,38.87
622,40.48
623,37.37
624,38.87
625,38.95
626,41.39
627,37.46
628,37.79
629,39.47
630,37.81
631,39.3
632,39.25
633,37.65
634,38.62
635,39.01
636,39.39
637,37.51
638,38.98
639,38.58
640,38.46
641,39.31
642,39.59
643,37.64
644,38.9
645,40.15
646,38.26
647,39.43
648,40.17
649,40.32
650,37.56
651,38.75
652,38.98
653,39.86
654,39.79
655,38.65
656,38.07
657,39.13
658,38.46
659,37.22
660,38.47
661,37.99
662,36.57
663,39.64
664,39.27
665,39.2
666,40.1
667,37.77
668,37.38
669,37.77
670,37.91
671,38.55
672,36.85
673,36.79
674,37.95
675,38.55
676,38.84
677,38.7
678,37.96
679,39.88
680,38.29
681,39.49
682,39.25
683,37.89
684,37.96
685,39.68
686,37.68
687,39.12
688,39.91
689,37.33
690,39.23
691,37.39
692,39.8
693,37.0
694,37.8
695,39.0
696,38.97
697,39.29
698,37.79
699,38.6
700,39.96
701,38.88
702,38.32
703,39.88
704,37.35
705,38.68
706,39.63
707,39.61
708,37.5
709,39.06
710,38.24
711,37.97
712,39.98
713,38.65
714,40.39
715,39.11
716,39.69
717,38.65
718,40.57
719,38.79
720,39.74
721,39.4
722,39.76
723,38.34
724,38.99
725,39.5
726,39.81
727,39.9
728,39.94
729,39.32
730,39.03
731,38.57
732,39.36
733,40.1
734,38.3
735,41.08
736,38.76
737,37.62
738,40.41
739,39.19
740,38.25
741,37.56
742,37.86
743,39.78
744,38.72
745,40.39
746,38.82
747,39.71
748,38.44
749,38.39
750,37.05
751,39.37
752,39.05
753,39.62
754,38.88
755,40.49
756,39.49
757,40.01
758,40.33
759,38.15
760,40.0
761,39.07
762,38.74
763,36.35
764,39.91
765,38.59
766,39.01
767,38.49
768,38.41
769,38.54
770,39.15
771,39.87
772,39.12
773,37.31
774,39.05
775,37.77
776,38.86
777,37.65
778,38.99
779,38.74
780,38.41
781,37.25
782,38.02
783,38.17
784,38.96
785,38.11
786,38.36
787,39.03
788,38.86
789,38.46
790,38.75
791,37.89
792,38.85
793,39.78
794,38.75
795,38.62
796,39.48
797,39.12
798,40.08
799,38.35
800,37.72
801,39.36
802,38.42
803,37.6
804,38.03
805,39.55
806,38.37
807,39.62
808,39.99
809,37.54
810,39.69
811,39.64
812,37.89
813,39.36
814,38.49
815,39.26
816,38.42
817,38.95
818,38.99
819,39.23
820,40.97
821,37.42
822,38.95
823,38.87
824,38.41
825,38.31
826,36.46
827,39.79
828,39.96
829,40.5
830,38.84
831,38.54
832,39.83
833,38.28
834,38.4
835,37.9
836,39.85
837,38.63
838,38.48
839,39.9
840,38.62
841,37.8
842,39.43
843,38.27
844,39.22
845,39.01
846,37.42
847,38.59
848,39.16
849,39.42
850,38.75
851,40.72
852,38.42
853,38.63
854,38.39
855,39.49
856,37.76
857,37.7
858,38.18
859,39.31
860,37.58
861,38.24
862,39.36
863,38.59
864,38.78
865,37.46
866,39.79
867,39.56
868,39.64
869,38.87
870,39.99
871,39.57
872,38.74
873,38.33
874,38.11
875,38.13
876,38.87
877,38.75
878,38.87
879,37.33
880,40.75
881,39.88
882,37.62
883,39.53
884,38.49
885,37.09
886,38.68
887,37.92
888,38.23
889,38.83
890,39.62
891,40.08
892,37.64
893,38.27
894,39.38
895,37.24
896,39.04
897,38.19
898,38.93
899,39.49
900,38.83
901,38.84
902,38.93
903,39.34
904,37.27
905,39.85
906,37.8
907,38.57
908,38.19
909,38.42
910,38.19
911,37.7
912,38.84
913,37.97
914,37.88
915,39.47
916,39.06
917,37.49
918,37.12
919,38.55
920,37.27
921,38.11
922,38.96
923,38.16
924,37.64
925,39.51
926,39.35
927,37.11
928,39.14
929,37.91
930,38.24
931,37.93
932,37.13
933,38.32
934,37.21
935,39.21
936,38.3
937,38.38
938,38.06
939,38.12
940,39.0
941,37.82
942,38.63
943,38.22
944,36.95
945,37.74
946,36.64
947,36.84
948,37.39
949,37.21
950,39.37
951,36.92
952,38.46
953,37.01
954,38.97
955,37.19
956,38.6
957,37.43
958,36.05
959,38.05
960,37.21
961,38.25
962,38.63
963,38.11
964,38.29
965,35.19
966,36.99
967,36.89
968,36.3
969,36.87
970,36.13
971,37.53
972,36.77
973,37.51
974,37.75
975,36.67
976,38.33
977,36.56
978,36.86
979,39.49
980,34.79
981,37.2
982,37.94
983,37.56
984,38.86
985,38.72
986,37.26
987,37.52
988,36.22
989,35.47
990,36.99
991,37.96
992,37.49
993,38.95
994,38.23
995,39.19
996,36.34
997,37.37
998,38.14
999,37.14
1000,38.08
1001,38.64
1002,35.5
1003,38.3
1004,36.32
1005,35.66
1006,37.17
1007,37.5
1008,36.84
1009,37.9
1010,36.74
1011,37.41
1012,37.71
1013,37.99
1014,37.97
1015,37.48
1016,39.09
1017,36.48
1018,39.14
1019,37.47
1020,38.21
1021,36.26
1022,37.11
1023,41.53
1024,36.66
1025,37.95
1026,36.94
1027,35.71
1028,37.73
1029,36.45
1030,36.79
1031,37.92
1032,37.53
1033,37.52
1034,37.48
1035,36.69
1036,36.93
1037,36.37
1038,38.28
1039,35.88
1040,37.41
1041,36.73
1042,37.82
1043,36.87
1044,36.69
1045,35.98
1046,38.07
1047,38.13
1048,37.16
1049,36.36
1050,37.83
1051,36.35
1052,36.53
1053,38.05
1054,37.0
1055,36.75
1056,36.17
1057,37.55
1058,36.89
1059,38.42
1060,38.04
1061,36.39
1062,36.91
1063,38.07
1064,35.88
1065,36.68
1066,37.08
1067,35.91
1068,37.75
1069,36.94
1070,36.0
1071,37.51
1072,36.86
1073,36.46
1074,37.74
1075,37.0
1076,36.92
1077,37.91
1078,37.43
1079,36.42
1080,38.19
1081,36.67
1082,36.15
1083,37.05
1084,37.08
1085,36.81
1086,35.43
1087,36.69
1088,35.97
1089,36.84
1090,36.57
1091,34.85
1092,36.41
1093,36.43
1094,37.22
1095,34.35
1096,37.18
1097,35.58
1098,35.24
1099,37.74
1100,37.26
1101,36.24
1102,35.22
1103,35.59
1104,37.07
1105,35.75
1106,37.01
1107,37.57
1108,35.53
1109,36.88
1110,36.56
1111,35.58
1112,36.34
1113,37.69
1114,35.69
1115,37.07
1116,35.85
1117,37.25
1118,35.96
1119,36.05
1120,36.62
1121,36.99
1122,35.8
1123,34.93
1124,37.0
1125,36.39
1126,36.56
1127,34.95
1128,35.09
1129,35.14
1130,37.19
1131,35.66
1132,36.76
1133,35.2
1134,36.03
1135,36.58
1136,36.73
1137,36.11
1138,36.1
1139,35.7
1140,33.77
1141,36.06
1142,36.2
1143,35.57
1144,34.93
1145,35.5
1146,37.49
1147,35.23
1148,35.25
1149,36.29
1150,35.8
1151,36.8
1152,36.43
1153,35.72
1154,36.14
1155,36.36
1156,36.9
1157,33.87
1158,36.81
1159,35.03
1160,34.96
1161,38.43
1162,36.55
1163,35.3
1164,35.89
1165,36.02
1166,36.04
1167,35.82
1168,36.41
1169,35.24
1170,34.23
1171,35.19
1172,36.28
1173,34.12
1174,34.32
1175,35.38
1176,35.38
1177,34.98
1178,34.34
1179,35.88
1180,35.29
1181,37.09
1182,34.54
1183,36.21
1184,34.8
1185,35.12
1186,36.87
1187,36.21
1188,35.38
1189,36.73
1190,36.03
1191,35.29
1192,36.4
1193,37.2
1194,35.67
1195,36.67
1196,33.91
1197,35.2
1198,36.2
1199,36.05
1200,35.73
1201,36.14
1202,34.15
1203,37.19
1204,35.58
1205,36.29
1206,34.22
1207,36.98
1208,33.79
1209,35.31
1210,35.83
1211,34.03
1212,35.51
1213,34.84
1214,34.86
1215,35.3
1216,34.8
1217,35.55
1218,33.73
1219,34.22
1220,34.64
1221,34.81
1222,34.84
1223,33.54
1224,33.85
1225,34.12
1226,34.52
1227,34.5
1228,34.88
1229,34.45
1230,33.61
1231,33.76
1232,34.0
1233,35.17
1234,34.09
1235,32.91
1236,34.29
1237,34.09
1238,34.34
1239,33.73
1240,34.03
1241,33.08
1242,34.01
1243,34.8
1244,33.29
1245,33.82
1246,34.61
1247,33.28
1248,32.71
1249,35.27
1250,35.9
1251,35.03
1252,34.29
1253,34.31
1254,33.18
1255,34.42
1256,33.45
1257,33.37
1258,34.42
1259,34.64
1260,33.13
1261,34.74
1262,33.66
1263,34.54
1264,33.87
1265,33.43
1266,32.32
1267,33.62
1268,34.36
1269,33.25
1270,34.66
1271,32.34
1272,34.29
1273,34.82
1274,33.96
1275,34.67
1276,34.43
1277,33.9
1278,33.2
1279,34.09
1280,34.21
1281,33.37
1282,32.44
1283,33.32
1284,35.0
1285,31.02
1286,33.83
1287,32.98
1288,34.71
1289,33.13
1290,33.03
1291,34.17
1292,33.96
1293,32.61
1294,34.06
1295,33.02
1296,32.63
1297,32.37
1298,32.78
1299,35.05
1300,33.24
1301,34.33
1302,34.63
1303,34.18
1304,33.97
1305,32.41
1306,33.85
1307,31.73
1308,32.21
1309,32.19
1310,33.85
1311,33.24
1312,32.23
1313,31.65
1314,32.66
1315,31.29
1316,33.09
1317,31.57
1318,33.43
1319,32.73
1320,33.23
1321,30.72
1322,32.71
1323,32.47
1324,33.06
1325,32.0
1326,33.54
1327,32.39
1328,32.56
1329,32.53
1330,33.29
1331,30.78
1332,32.08
1333,32.15
1334,33.72
1335,31.6
1336,32.34
1337,32.3
1338,32.92
1339,33.17
1340,33.03
1341,32.06
1342,32.23
1343,32.17
1344,31.68
1345,32.3
1346,34.13
1347,32.3
1348,32.5
1349,32.02
1350,32.63
1351,31.69
1352,32.91
1353,31.22
1354,32.85
1355,34.11
1356,32.79
1357,33.21
1358,32.61
1359,32.2
1360,31.89
1361,32.2
1362,31.48
1363,33.0
1364,33.32
1365,32.63
1366,31.98
1367,32.5
1368,32.02
1369,31.43
1370,32.57
1371,32.08
1372,33.08
1373,31.09
1374,32.26
1375,32.29
1376,31.9
1377,31.33
1378,32.41
1379,32.02
1380,30.88
1381,32.19
1382,32.54
1383,32.87
1384,31.09
1385,31.36
1386,32.91
1387,30.56
1388,31.95
1389,31.94
1390,30.17
1391,32.52
1392,32.2
1393,32.51
1394,30.64
1395,32.73
1396,32.15
1397,31.72
1398,32.46
1399,32.52
1400,32.9
1401,31.43
1402,32.85
1403,31.62
1404,31.41
1405,32.2
1406,32.94
1407,31.91
1408,30.67
1409,31.55
1410,31.93
1411,32.85
1412,32.02
1413,31.75
1414,31.44
1415,32.26
1416,32.26
1417,32.16
1418,31.1
1419,31.67
1420,32.23
1421,30.44
1422,30.44
1423,30.27
1424,32.33
1425,30.85
1426,31.07
1427,32.5
1428,30.91
1429,30.51
1430,30.49
1431,30.79
1432,31.64
1433,31.75
1434,30.39
1435,30.83
1436,32.71
1437,30.67
1438,29.44
1439,30.9
1440,31.86
1441,30.55
1442,31.58
1443,31.55
1444,31.61
1445,30.28
1446,31.4
1447,30.18
1448,30.34
1449,31.01
1450,31.13
1451,32.57
1452,29.64
1453,30.97
1454,29.63
1455,29.5
1456,31.06
1457,30.03
1458,30.62
1459,30.86
1460,29.84
1461,31.94
1462,30.77
1463,29.52
1464,30.72
1465,30.06
1466,30.2
1467,30.75
1468,30.3
1469,29.56
1470,29.53
1471,30.87
1472,29.67
1473,30.21
1474,31.44
1475,30.52
1476,31.46
1477,29.11
1478,29.3
1479,30.46
1480,30.12
1481,28.28
1482,29.74
1483,30.17
1484,30.39
1485,29.97
1486,29.92
1487,29.06
1488,29.96
1489,28.2
1490,29.44
1491,29.04
1492,28.52
1493,30.03
1494,30.33
1495,30.46
1496,29.08
1497,29.35
1498,28.46
1499,29.38
1500,29.99
1501,29.4
1502,29.78
1503,28.89
1504,29.75
1505,29.34
1506,27.89
1507,29.31
1508,29.6
1509,30.13
1510,30.26
1511,29.9
1512,29.23
1513,27.97
1514,29.03
1515,30.26
1516,29.56
1517,28.49
1518,28.84
1519,28.44
1520,30.01
1521,30.28
1522,28.05
1523,29.3
1524,29.15
1525,29.43
1526,28.74
1527,27.68
1528,28.72
1529,28.67
1530,28.16
1531,28.39
1532,28.42
1533,28.81
1534,28.91
1535,28.38
1536,30.39
1537,30.41
1538,29.3
1539,29.76
1540,30.0
1541,29.24
1542,29.85
1543,29.25
1544,29.71
1545,27.34
1546,29.67
1547,29.62
1548,29.71
1549,30.1
1550,28.65
1551,28.29
1552,28.32
1553,29.06
1554,29.79
1555,29.07
1556,28.58
1557,27.25
1558,28.87
1559,30.0
1560,29.09
1561,28.86
1562,26.0
1563,28.52
1564,28.51
1565,29.08
1566,30.12
1567,27.79
1568,28.09
1569,29.93
1570,28.52
1571,28.31
1572,28.27
1573,28.98
1574,28.3
1575,29.4
1576,29.64
1577,29.2
1578,27.93
1579,27.11
1580,30.7
1581,29.65
1582,27.26
1583,30.33
1584,27.58
1585,28.84
1586,28.76
1587,29.92
1588,28.42
1589,29.34
1590,28.11
1591,28.33
1592,29.16
1593,28.9
1594,28.0
1595,28.46
1596,28.26
1597,27.18
1598,27.88
1599,28.39
1600,29.65
1601,28.75
1602,27.12
1603,27.17
1604,29.35
1605,28.9
1606,29.28
1607,29.28
1608,29.03
1609,28.22
1610,28.46
1611,29.29
1612,28.81
1613,28.92
1614,27.6
1615,27.6
1616,28.54
1617,28.28
1618,28.87
1619,27.96
1620,27.79
1621,28.49
1622,28.36
1623,29.32
1624,28.88
1625,28.21
1626,27.66
1627,28.17
1628,28.19
1629,28.68
1630,28.4
1631,27.85
1632,27.53
1633,28.58
1634,28.56
1635,27.77
1636,28.03
1637,27.43
1638,27.5
1639,28.78
1640,28.43
1641,28.57
1642,28.13
1643,27.74
1644,29.43
1645,27.72
1646,28.54
1647,26.62
1648,27.43
1649,28.43
1650,26.26
1651,27.22
1652,28.84
1653,26.34
1654,28.44
1655,28.69
1656,26.87
1657,28.85
1658,26.84
1659,27.18
1660,27.69
1661,27.77
1662,28.2
1663,28.07
1664,27.52
1665,27.76
1666,27.8
1667,26.41
1668,27.92
1669,28.08
1670,27.55
1671,26.95
1672,27.41
1673,28.39
1674,28.03
1675,28.12
1676,26.34
1677,28.31
1678,26.69
1679,27.89
1680,26.12
1681,26.61
1682,28.0
1683,27.34
1684,27.83
1685,26.59
1686,28.22
1687,28.25
1688,26.29
1689,26.63
1690,27.72
1691,27.39
1692,28.32
1693,26.3
1694,27.97
1695,25.57
1696,28.05
1697,27.5
1698,26.53
1699,27.99
1700,25.89
1701,26.75
1702,26.59
1703,25.07
1704,27.5
1705,26.26
1706,27.45
1707,26.05
1708,26.43
1709,27.78
1710,28.76
1711,26.93
1712,27.13
1713,27.17
1714,25.78
1715,26.52
1716,25.23
1717,27.03
1718,25.73
1719,26.25
1720,27.24
1721,27.03
1722,26.19
1723,26.82
1724,26.61
1725,24.99
1726,25.0
1727,25.48
1728,26.12
1729,25.74
1730,25.69
1731,26.0
1732,26.62
1733,26.05
1734,25.27
1735,24.74
1736,27.2
1737,24.78
1738,25.46
1739,25.37
1740,25.27
1741,25.5
1742,25.24
1743,25.68
1744,26.71
1745,25.97
1746,25.56
1747,27.51
1748,26.41
1749,24.12
1750,24.61
1751,25.44
1752,25.36
1753,24.83
1754,24.61
1755,25.82
1756,25.54
1757,25.79
1758,26.05
1759,26.05
1760,25.32
1761,24.6
1762,26.3
1763,25.88
1764,26.53
1765,24.62
1766,25.96
1767,24.58
1768,26.67
1769,25.1
1770,25.63
1771,23.95
1772,25.4
1773,24.71
1774,26.43
1775,25.44
1776,26.28
1777,25.54
1778,24.78
1779,24.9
1780,25.06
1781,23.88
1782,25.91
1783,25.89
1784,24.08
1785,25.35
1786,26.18
1787,24.71
1788,25.59
1789,25.39
1790,26.37
1791,24.31
1792,25.32
1793,24.85
1794,24.7
1795,25.36
1796,25.91
1797,26.93
1798,25.43
1799,26.4
1800,24.71
1801,24.71
1802,25.36
1803,25.48
1804,25.48
1805,24.12
1806,24.05
1807,25.52
1808,24.38
1809,24.84
1810,25.38
1811,24.39
1812,24.98
1813,24.51
1814,24.62
1815,24.44
1816,24.22
1817,25.91
1818,24.88
1819,23.95
1820,24.53
1821,24.5
1822,24.5
1823,23.39
1824,24.87
1825,23.43
1826,23.65
1827,23.72
1828,23.25
1829,24.57
1830,24.91
1831,24.19
1832,23.15
1833,24.87
1834,25.8
1835,23.96
1836,24.76
1837,24.81
1838,24.5
1839,24.88
1840,21.96
1841,25.38
1842,24.09
1843,24.79
1844,24.58
1845,24.04
1846,23.18
1847,26.1
1848,24.03
1849,24.71
1850,24.99
1851,24.98
1852,23.59
1853,24.98
1854,24.2
1855,22.77
1856,22.89
1857,23.52
1858,22.09
1859,23.44
1860,24.5
1861,24.61
1862,23.47
1863,23.72
1864,23.35
1865,23.75
1866,24.12
1867,22.86
1868,24.39
1869,24.21
1870,23.7
1871,23.3
1872,22.47
1873,24.29
1874,24.1
1875,22.94
1876,22.42
1877,23.38
1878,22.73
1879,23.41
1880,23.39
1881,24.28
1882,23.68
1883,24.08
1884,22.91
1885,24.06
1886,23.26
1887,23.13
1888,23.52
1889,24.45
1890,24.6
1891,24.17
1892,23.61
1893,23.6
1894,22.42
1895,23.7
1896,23.06
1897,22.89
1898,23.73
1899,23.67
1900,23.54
1901,23.0
1902,24.08
1903,23.72
1904,23.97
1905,23.94
1906,24.37
1907,23.11
1908,24.25
1909,23.75
1910,24.28
1911,24.79
1912,24.12
1913,22.84
1914,24.46
1915,23.01
1916,22.04
1917,23.56
1918,24.11
1919,24.24
1920,23.42
1921,23.59
1922,23.39
1923,23.12
1924,23.37
1925,25.0
1926,23.56
1927,21.96
1928,22.47
1929,22.06
1930,23.68
1931,23.32
1932,24.22
1933,23.95
1934,24.61
1935,22.14
1936,23.69
1937,23.3
1938,22.83
1939,23.69
1940,23.72
1941,23.02
1942,23.99
1943,23.17
1944,21.63
1945,22.35
1946,22.32
1947,22.64
1948,23.22
1949,23.32
1950,23.5
1951,21.97
1952,24.64
1953,22.31
1954,23.21
1955,22.58
1956,22.38
1957,23.09
1958,22.18
1959,23.2
1960,22.4
1961,22.25
1962,22.91
1963,22.71
1964,21.84
1965,23.39
1966,22.87
1967,22.24
1968,23.07
1969,21.76
1970,23.22
1971,24.27
1972,21.61
1973,22.58
1974,22.88
1975,21.26
1976,22.96
1977,21.52
1978,23.15
1979,22.27
1980,22.49
1981,22.13
1982,21.74
1983,22.89
1984,22.66
1985,21.75
1986,22.22
1987,21.92
1988,23.05
1989,22.31
1990,21.88
1991,21.97
1992,21.9
1993,21.95
1994,22.44
1995,21.59
1996,23.1
1997,22.41
1998,21.03
